Phase,Start Day,End Day,R2,RMSE,MAE,MAPE
Gas,100.71428571428571,529.2857142857143,0.38130355,79072.89,49032.145,9.325604e+12
Oil,100.71428571428571,529.2857142857143,0.1593343,45169.15,33496.812,3.039287e+10
Water,100.71428571428571,529.2857142857143,0.36362857,39258.473,27653.736,6.082241e+12
